Date,Spend 2022,Impressions 2022,Clicks 2022,CTR 2022,CPC 2022,Web Attributed Leads 2022,Web Attributed Joins 2022,CPL 2022,CPA 2022,ROR CPL 2022,ROR CPA 2022,Spend 2023,Impressions 2023,Clicks 2023,CTR 2023,CPC 2023,Web Attributed Leads 2023,Web Attributed Joins 2023,CPL 2023,CPA 2023,ROR CPL 2023,ROR CPA 2023,Spend 2024,Impressions 2024,Clicks 2024,CTR 2024,CPC 2024,Web Attributed Leads 2024,Web Attributed Joins 2024,CPL 2024,CPA 2024,ROR CPL 2024,ROR CPA 2024
2022-08-31,$37,"2,186",1.0,0.05%,$37.13,0.0,2.0,,$18.57,$37.13,$37.13,,,,,,,,,,,,,,,,,,,,,,
2022-08-30,$46,"2,593",4.0,0.15%,$11.47,1.0,0.0,$45.88,,$15.29,,,,,,,,,,,,,,,,,,,,,,,
2022-08-29,$48,"2,744",5.0,0.18%,$9.51,0.0,0.0,,,,,,,,,,,,,,,,,,,,,,,,,,
2022-08-28,$49,"2,894",3.0,0.10%,$16.46,0.0,0.0,,,,,,,,,,,,,,,,,,,,,,,,,,
2022-08-27,$48,"2,750",5.0,0.18%,$9.69,0.0,1.0,,$48.45,,$48.45,,,,,,,,,,,,,,,,,,,,,,
2022-08-26,$48,"2,549",6.0,0.24%,$8.04,0.0,0.0,,,,,,,,,,,,,,,,,,,,,,,,,,
2022-08-25,$50,"2,613",2.0,0.08%,$25.15,0.0,0.0,,,$50.30,,,,,,,,,,,,,,,,,,,,,,,
2022-08-24,$56,"2,517",3.0,0.12%,$18.78,0.0,0.0,,,,,,,,,,,,,,,,,,,,,,,,,,
2022-08-23,$51,"2,728",3.0,0.11%,$16.94,0.0,0.0,,,,,,,,,,,,,,,,,,,,,,,,,,
2022-08-22,$50,"2,699",1.0,0.04%,$49.92,0.0,0.0,,,,,,,,,,,,,,,,,,,,,,,,,,
2022-08-21,$36,"1,973",6.0,0.30%,$6.01,0.0,0.0,,,,$36.08,,,,,,,,,,,,,,,,,,,,,,
2022-08-20,$35,"1,970",2.0,0.10%,$17.46,0.0,0.0,,,,,,,,,,,,,,,,,,,,,,,,,,
2022-08-19,$37,"2,043",3.0,0.15%,$12.27,0.0,0.0,,,,,,,,,,,,,,,,,,,,,,,,,,
2022-08-18,$33,"2,090",4.0,0.19%,$8.14,0.0,1.0,,$32.55,,$32.55,,,,,,,,,,,,,,,,,,,,,,
2022-08-17,$56,"2,913",8.0,0.27%,$6.97,2.0,0.0,$27.87,,$27.87,,,,,,,,,,,,,,,,,,,,,,,
2022-08-16,$47,"2,336",1.0,0.04%,$47.43,0.0,0.0,,,$47.43,,,,,,,,,,,,,,,,,,,,,,,
2022-08-15,$50,"2,307",8.0,0.35%,$6.27,0.0,0.0,,,,,,,,,,,,,,,,,,,,,,,,,,
2022-08-14,$54,"2,704",2.0,0.07%,$27.00,0.0,0.0,,,,$54.00,,,,,,,,,,,,,,,,,,,,,,
2022-08-13,$54,"2,688",2.0,0.07%,$26.98,0.0,0.0,,,,,,,,,,,,,,,,,,,,,,,,,,
2022-08-12,$52,"2,754",2.0,0.07%,$26.24,1.0,0.0,$52.48,,$26.24,,,,,,,,,,,,,,,,,,,,,,,
2022-08-11,$57,"3,217",5.0,0.16%,$11.37,2.0,0.0,$28.43,,$18.95,,,,,,,,,,,,,,,,,,,,,,,
2022-08-10,$52,"3,766",7.0,0.19%,$7.47,0.0,0.0,,,$52.30,,,,,,,,,,,,,,,,,,,,,,,
2022-08-09,$52,"3,636",5.0,0.14%,$10.43,0.0,0.0,,,,,,,,,,,,,,,,,,,,,,,,,,
2022-08-08,$52,"3,375",4.0,0.12%,$13.11,2.0,0.0,$26.23,,$52.45,$52.45,,,,,,,,,,,,,,,,,,,,,,
2022-08-07,$34,"2,349",5.0,0.21%,$6.89,2.0,0.0,$17.23,,$17.23,,,,,,,,,,,,,,,,,,,,,,,
2022-08-06,$34,"2,230",3.0,0.13%,$11.29,0.0,0.0,,,,,,,,,,,,,,,,,,,,,,,,,,
2022-08-05,$38,"2,293",5.0,0.22%,$7.52,0.0,0.0,,,,,,,,,,,,,,,,,,,,,,,,,,
2022-08-04,$37,"2,396",4.0,0.17%,$9.36,0.0,0.0,,,,,,,,,,,,,,,,,,,,,,,,,,
2022-08-03,$64,"4,296",7.0,0.16%,$9.07,0.0,0.0,,,$31.76,,,,,,,,,,,,,,,,,,,,,,,
2022-08-02,$66,"4,064",3.0,0.07%,$21.96,0.0,0.0,,,,,,,,,,,,,,,,,,,,,,,,,,
2022-08-01,$63,"3,785",5.0,0.13%,$12.65,0.0,0.0,,,,,,,,,,,,,,,,,,,,,,,,,,
2022-07-31,$48,"2,161",11.0,0.51%,$4.39,1.0,1.0,$48.34,$48.34,$16.11,$24.17,,,,,,,,,,,,,,,,,,,,,,
2022-07-30,$54,"2,135",6.0,0.28%,$8.97,3.0,1.0,$17.94,$53.83,$10.77,$53.83,,,,,,,,,,,,,,,,,,,,,,
2022-07-29,$50,"2,009",4.0,0.20%,$12.54,1.0,1.0,$50.16,$50.16,$25.08,$25.08,,,,,,,,,,,,,,,,,,,,,,
2022-07-28,$46,"2,182",6.0,0.27%,$7.67,1.0,0.0,$46.00,,$23.00,,,,,,,,,,,,,,,,,,,,,,,
2022-07-27,$48,"2,591",4.0,0.15%,$12.09,0.0,0.0,,,,$48.37,,,,,,,,,,,,,,,,,,,,,,
2022-07-26,$47,"2,410",6.0,0.25%,$7.88,2.0,0.0,$23.65,,$23.65,,,,,,,,,,,,,,,,,,,,,,,
2022-07-25,$50,"2,534",9.0,0.36%,$5.59,3.0,0.0,$16.76,,$16.76,$50.29,,,,,,,,,,,,,,,,,,,,,,
2022-07-24,$29,981,6.0,0.61%,$4.75,3.0,0.0,$9.50,,$7.13,,,,,,,,,,,,,,,,,,,,,,,
2022-07-23,$23,896,3.0,0.33%,$7.59,0.0,0.0,,,,,,,,,,,,,,,,,,,,,,,,,,
2022-07-22,$30,924,9.0,0.97%,$3.38,4.0,0.0,$7.62,,$5.08,,,,,,,,,,,,,,,,,,,,,,,
2022-07-21,$26,894,4.0,0.45%,$6.43,0.0,0.0,,,,,,,,,,,,,,,,,,,,,,,,,,
2022-07-20,$28,"1,057",,0.00%,,2.0,0.0,$13.92,,$9.28,,,,,,,,,,,,,,,,,,,,,,,
2022-07-19,$36,"1,749",5.0,0.29%,$7.12,0.0,0.0,,,,,,,,,,,,,,,,,,,,,,,,,,
2022-07-18,$40,"2,189",4.0,0.18%,$9.89,1.0,0.0,$39.57,,$39.57,,,,,,,,,,,,,,,,,,,,,,,
2022-07-17,$38,"1,950",10.0,0.51%,$3.82,2.0,1.0,$19.11,$38.21,$19.11,$19.11,,,,,,,,,,,,,,,,,,,,,,
2022-07-16,$35,"1,855",14.0,0.75%,$2.48,3.0,0.0,$11.59,,$6.95,,,,,,,,,,,,,,,,,,,,,,,
2022-07-15,$32,"1,778",6.0,0.34%,$5.39,2.0,0.0,$16.16,,$6.46,,,,,,,,,,,,,,,,,,,,,,,
2022-07-14,$35,"1,842",5.0,0.27%,$6.95,5.0,0.0,$6.95,,$4.34,,,,,,,,,,,,,,,,,,,,,,,
2022-07-13,$33,"1,703",8.0,0.47%,$4.07,4.0,0.0,$8.15,,$6.52,,,,,,,,,,,,,,,,,,,,,,,
2022-07-12,$29,"1,825",2.0,0.11%,$14.42,1.0,0.0,$28.83,,$28.83,,,,,,,,,,,,,,,,,,,,,,,
2022-07-11,$32,"1,981",2.0,0.10%,$15.80,2.0,0.0,$15.80,,$7.90,,,,,,,,,,,,,,,,,,,,,,,
2022-07-10,$25,"1,548",4.0,0.26%,$6.22,0.0,0.0,,,,$12.44,,,,,,,,,,,,,,,,,,,,,,
2022-07-09,$25,"1,292",5.0,0.39%,$5.02,1.0,0.0,$25.10,,$12.55,,,,,,,,,,,,,,,,,,,,,,,
2022-07-08,$22,"1,315",2.0,0.15%,$11.04,0.0,0.0,,,$22.07,,,,,,,,,,,,,,,,,,,,,,,
2022-07-07,$38,"2,274",4.0,0.18%,$9.49,1.0,1.0,$37.96,$37.96,$37.96,$37.96,,,,,,,,,,,,,,,,,,,,,,
2022-07-06,$40,"2,623",11.0,0.42%,$3.68,1.0,0.0,$40.47,,$20.24,,,,,,,,,,,,,,,,,,,,,,,
2022-07-05,$35,"2,405",4.0,0.17%,$8.81,5.0,0.0,$7.05,,$7.05,$35.25,,,,,,,,,,,,,,,,,,,,,,
2022-07-04,$39,"2,126",4.0,0.19%,$9.65,0.0,0.0,,,,$38.60,,,,,,,,,,,,,,,,,,,,,,
2022-07-03,$40,"2,281",8.0,0.35%,$5.04,2.0,1.0,$20.15,$40.30,$10.08,$13.43,,,,,,,,,,,,,,,,,,,,,,
2022-07-02,$33,"1,767",4.0,0.23%,$8.33,1.0,0.0,$33.30,,$33.30,$33.30,,,,,,,,,,,,,,,,,,,,,,
2022-07-01,$36,"1,958",9.0,0.46%,$3.95,4.0,0.0,$8.89,,$5.08,,,,,,,,,,,,,,,,,,,,,,,
2022-06-30,$28,"1,798",,0.00%,,0.0,0.0,,,,$27.87,,,,,,,,,,,,,,,,,,,,,,
2022-06-29,$36,"2,006",1.0,0.05%,$36.17,0.0,0.0,,,,,,,,,,,,,,,,,,,,,,,,,,
2022-06-28,$39,"2,467",3.0,0.12%,$12.89,0.0,0.0,,,,,,,,,,,,,,,,,,,,,,,,,,
2022-06-27,$41,"2,831",2.0,0.07%,$20.35,0.0,0.0,,,$40.70,,,,,,,,,,,,,,,,,,,,,,,
2022-06-26,$41,"2,705",4.0,0.15%,$10.27,0.0,0.0,,,$13.70,,,,,,,,,,,,,,,,,,,,,,,
2022-06-25,$45,"2,760",3.0,0.11%,$14.87,0.0,0.0,,,,,,,,,,,,,,,,,,,,,,,,,,
2022-06-24,$23,"1,548",1.0,0.06%,$23.09,0.0,0.0,,,,,,,,,,,,,,,,,,,,,,,,,,
2022-06-23,$24,"1,385",,0.00%,,0.0,0.0,,,,,,,,,,,,,,,,,,,,,,,,,,
2022-06-22,$23,"1,437",6.0,0.42%,$3.78,0.0,0.0,,,,,,,,,,,,,,,,,,,,,,,,,,
2022-06-21,$40,"2,414",5.0,0.21%,$7.93,0.0,0.0,,,,,,,,,,,,,,,,,,,,,,,,,,
2022-06-20,$41,"2,619",3.0,0.11%,$13.59,0.0,0.0,,,,$40.77,,,,,,,,,,,,,,,,,,,,,,
2022-06-19,$40,"2,780",4.0,0.14%,$9.97,0.0,0.0,,,,,,,,,,,,,,,,,,,,,,,,,,
2022-06-18,$39,"2,522",4.0,0.16%,$9.74,2.0,0.0,$19.48,,$9.74,,,,,,,,,,,,,,,,,,,,,,,
2022-06-17,$35,"2,218",7.0,0.32%,$4.95,1.0,0.0,$34.62,,$34.62,,,,,,,,,,,,,,,,,,,,,,,
2022-06-16,$33,"2,174",4.0,0.18%,$8.29,0.0,0.0,,,$8.29,$8.29,,,,,,,,,,,,,,,,,,,,,,
2022-06-15,$35,"2,423",2.0,0.08%,$17.29,0.0,0.0,,,,,,,,,,,,,,,,,,,,,,,,,,
2022-06-14,$34,"2,007",8.0,0.40%,$4.28,2.0,0.0,$17.12,,$8.56,$17.12,,,,,,,,,,,,,,,,,,,,,,
2022-06-13,$27,"1,913",2.0,0.10%,$13.49,0.0,0.0,,,$26.97,,,,,,,,,,,,,,,,,,,,,,,
2022-06-12,$25,"1,564",2.0,0.13%,$12.53,0.0,0.0,,,,,,,,,,,,,,,,,,,,,,,,,,
2022-06-11,$24,"1,380",4.0,0.29%,$5.97,0.0,0.0,,,,,,,,,,,,,,,,,,,,,,,,,,
2022-06-10,$39,"2,575",6.0,0.23%,$6.51,0.0,0.0,,,,,,,,,,,,,,,,,,,,,,,,,,
2022-06-09,$52,"3,398",2.0,0.06%,$25.91,0.0,2.0,,$25.91,,$25.91,,,,,,,,,,,,,,,,,,,,,,
2022-06-08,$40,"2,660",6.0,0.23%,$6.62,1.0,2.0,$39.70,$19.85,$39.70,$9.93,,,,,,,,,,,,,,,,,,,,,,
2022-06-07,$48,"3,115",5.0,0.16%,$9.56,0.0,0.0,,,,$47.80,,,,,,,,,,,,,,,,,,,,,,
2022-06-06,$43,"2,808",6.0,0.21%,$7.22,0.0,0.0,,,,,,,,,,,,,,,,,,,,,,,,,,
2022-06-05,$21,"1,470",,0.00%,,0.0,0.0,,,,,,,,,,,,,,,,,,,,,,,,,,
2022-06-04,$26,"1,509",2.0,0.13%,$12.76,0.0,0.0,,,,,,,,,,,,,,,,,,,,,,,,,,
2022-06-03,$47,"2,765",2.0,0.07%,$23.41,0.0,0.0,,,,,,,,,,,,,,,,,,,,,,,,,,
2022-06-02,$45,"2,713",3.0,0.11%,$15.07,0.0,0.0,,,$22.61,$22.61,,,,,,,,,,,,,,,,,,,,,,
2022-06-01,$46,"3,059",5.0,0.16%,$9.19,0.0,0.0,,,,,,,,,,,,,,,,,,,,,,,,,,
2022-05-31,$57,"4,444",11.0,0.25%,$5.18,0.0,1.0,,$56.97,,$18.99,,,,,,,,,,,,,,,,,,,,,,
2022-05-30,$61,"4,510",10.0,0.22%,$6.06,2.0,0.0,$30.32,,$20.21,,,,,,,,,,,,,,,,,,,,,,,
2022-05-29,$63,"4,304",7.0,0.16%,$8.99,6.0,0.0,$10.49,,$6.99,,,,,,,,,,,,,,,,,,,,,,,
2022-05-28,$61,"4,315",5.0,0.12%,$12.18,0.0,0.0,,,,$60.92,,,,,,,,,,,,,,,,,,,,,,
2022-05-27,$59,"4,594",8.0,0.17%,$7.35,0.0,0.0,,,$58.83,$58.83,,,,,,,,,,,,,,,,,,,,,,
2022-05-26,$55,"4,116",6.0,0.15%,$9.21,0.0,0.0,,,$55.23,,,,,,,,,,,,,,,,,,,,,,,
2022-05-25,$12,"1,080",1.0,0.09%,$12.18,2.0,0.0,$6.09,,,,,,,,,,,,,,,,,,,,,,,,,
2022-05-24,$0,7,,0.00%,,0.0,0.0,,,,,,,,,,,,,,,,,,,,,,,,,,
2022-05-23,$38,"2,774",,0.00%,,2.0,2.0,$18.76,$18.76,$12.50,$18.76,,,,,,,,,,,,,,,,,,,,,,
2022-05-22,$47,"3,481",6.0,0.17%,$7.89,0.0,0.0,,,,,,,,,,,,,,,,,,,,,,,,,,
2022-05-21,$42,"2,835",3.0,0.11%,$13.98,0.0,0.0,,,,$41.93,,,,,,,,,,,,,,,,,,,,,,
2022-05-20,$40,"3,050",5.0,0.16%,$8.04,0.0,0.0,,,,,,,,,,,,,,,,,,,,,,,,,,
2022-05-19,$41,"2,835",4.0,0.14%,$10.29,4.0,0.0,$10.29,,$10.29,,,,,,,,,,,,,,,,,,,,,,,
2022-05-18,$41,"2,999",5.0,0.17%,$8.10,0.0,0.0,,,,,,,,,,,,,,,,,,,,,,,,,,
2022-05-17,$43,"3,009",6.0,0.20%,$7.11,0.0,2.0,,$21.33,,$21.33,,,,,,,,,,,,,,,,,,,,,,
2022-05-16,$46,"3,190",4.0,0.13%,$11.52,6.0,0.0,$7.68,,$9.21,,,,,,,,,,,,,,,,,,,,,,,
2022-05-15,$30,"1,999",4.0,0.20%,$7.62,2.0,0.0,$15.23,,,,,,,,,,,,,,,,,,,,,,,,,
2022-05-14,$30,"1,885",4.0,0.21%,$7.41,0.0,8.0,,$3.71,,$2.97,,,,,,,,,,,,,,,,,,,,,,
2022-05-13,$26,"2,126",1.0,0.05%,$26.11,0.0,0.0,,,,$26.11,,,,,,,,,,,,,,,,,,,,,,
2022-05-12,$48,"3,416",4.0,0.12%,$12.08,2.0,4.0,$24.16,$12.08,,$9.66,,,,,,,,,,,,,,,,,,,,,,
2022-05-11,$46,"3,322",3.0,0.09%,$15.45,0.0,0.0,,,,,,,,,,,,,,,,,,,,,,,,,,
2022-05-10,$45,"3,465",4.0,0.12%,$11.19,0.0,0.0,,,,$22.37,,,,,,,,,,,,,,,,,,,,,,
2022-05-09,$45,"3,491",4.0,0.11%,$11.30,0.0,0.0,,,,$45.20,,,,,,,,,,,,,,,,,,,,,,
2022-05-08,$46,"3,179",13.0,0.41%,$3.52,0.0,0.0,,,,,,,,,,,,,,,,,,,,,,,,,,
2022-05-07,$31,"1,920",5.0,0.26%,$6.11,0.0,0.0,,,,,,,,,,,,,,,,,,,,,,,,,,
2022-05-06,$28,"1,993",3.0,0.15%,$9.34,0.0,0.0,,,,,,,,,,,,,,,,,,,,,,,,,,
2022-05-05,$41,"2,775",2.0,0.07%,$20.60,0.0,2.0,,$20.60,,$20.60,,,,,,,,,,,,,,,,,,,,,,
2022-05-04,$44,"3,391",3.0,0.09%,$14.77,1.0,0.0,$44.30,,$44.30,,,,,,,,,,,,,,,,,,,,,,,
2022-05-03,$48,"3,978",3.0,0.08%,$16.13,0.0,0.0,,,$48.39,$24.20,,,,,,,,,,,,,,,,,,,,,,
2022-05-02,$46,"4,229",5.0,0.12%,$9.11,0.0,1.0,,$45.54,,$22.77,,,,,,,,,,,,,,,,,,,,,,
2022-05-01,$45,"4,037",5.0,0.12%,$9.05,0.0,0.0,,,,,,,,,,,,,,,,,,,,,,,,,,
2023-08-31,,,,,,,,,,,,$60,"5,366",4.0,0.07%,$15.08,0.0,0.0,,,$30.16,$60.32,,,,,,,,,,,
2023-08-30,,,,,,,,,,,,$68,"5,680",13.0,0.23%,$5.26,5.0,0.0,$13.67,,$8.54,$68.34,,,,,,,,,,,
2023-08-29,,,,,,,,,,,,$72,"6,076",16.0,0.26%,$4.47,0.0,0.0,,,$35.77,$71.53,,,,,,,,,,,
2023-08-28,,,,,,,,,,,,$70,"6,208",14.0,0.23%,$4.96,0.0,0.0,,,,,,,,,,,,,,,
2023-08-27,,,,,,,,,,,,$70,"5,904",13.0,0.22%,$5.36,2.0,0.0,$34.82,,$23.21,$69.64,,,,,,,,,,,
2023-08-26,,,,,,,,,,,,$67,"6,092",13.0,0.21%,$5.18,0.0,0.0,,,$67.30,$67.30,,,,,,,,,,,
2023-08-25,,,,,,,,,,,,$67,"6,522",15.0,0.23%,$4.44,0.0,0.0,,,,,,,,,,,,,,,
2023-08-24,,,,,,,,,,,,$68,"6,956",11.0,0.16%,$6.18,2.0,1.0,$33.99,$67.98,$22.66,$67.98,,,,,,,,,,,
2023-08-23,,,,,,,,,,,,$71,"7,006",10.0,0.14%,$7.15,0.0,1.0,,$71.46,$35.73,$71.46,,,,,,,,,,,
2023-08-22,,,,,,,,,,,,$74,"7,274",17.0,0.23%,$4.36,1.0,0.0,$74.16,,$37.08,$37.08,,,,,,,,,,,
2023-08-21,,,,,,,,,,,,$69,"7,374",12.0,0.16%,$5.74,3.0,1.0,$22.97,$68.91,$11.49,$22.97,,,,,,,,,,,
2023-08-20,,,,,,,,,,,,$51,"4,968",12.0,0.24%,$4.26,1.0,0.0,$51.10,,$25.55,,,,,,,,,,,,
2023-08-19,,,,,,,,,,,,$49,"4,434",15.0,0.34%,$3.29,2.0,2.0,$24.67,$24.67,$24.67,$24.67,,,,,,,,,,,
2023-08-18,,,,,,,,,,,,$48,"4,597",3.0,0.07%,$15.86,0.0,0.0,,,,,,,,,,,,,,,
2023-08-17,,,,,,,,,,,,$75,"7,213",17.0,0.24%,$4.39,2.0,1.0,$37.34,$74.67,$24.89,$74.67,,,,,,,,,,,
2023-08-16,,,,,,,,,,,,$80,"7,986",17.0,0.21%,$4.68,0.0,0.0,,,$79.58,$19.90,,,,,,,,,,,
2023-08-15,,,,,,,,,,,,$80,"8,153",5.0,0.06%,$16.05,2.0,3.0,$40.12,$26.75,$26.75,$16.05,,,,,,,,,,,
2023-08-14,,,,,,,,,,,,$80,"8,553",15.0,0.18%,$5.36,0.0,1.0,,$80.47,$40.24,$40.24,,,,,,,,,,,
2023-08-13,,,,,,,,,,,,$86,"9,037",10.0,0.11%,$8.64,1.0,0.0,$86.36,,$28.79,$86.36,,,,,,,,,,,
2023-08-12,,,,,,,,,,,,$81,"8,532",11.0,0.13%,$7.39,0.0,2.0,,$40.67,,$16.27,,,,,,,,,,,
2023-08-11,,,,,,,,,,,,$79,"8,429",18.0,0.21%,$4.40,1.0,0.0,$79.21,,$39.61,,,,,,,,,,,,
2023-08-10,,,,,,,,,,,,$48,"5,059",7.0,0.14%,$6.90,0.0,1.0,,$48.29,,$48.29,,,,,,,,,,,
2023-08-09,,,,,,,,,,,,$50,"4,916",11.0,0.22%,$4.51,2.0,0.0,$24.83,,$16.55,,,,,,,,,,,,
2023-08-08,,,,,,,,,,,,$53,"5,101",10.0,0.20%,$5.27,1.0,1.0,$52.69,$52.69,$26.35,$17.56,,,,,,,,,,,
2023-08-07,,,,,,,,,,,,$76,"7,587",15.0,0.20%,$5.04,2.0,1.0,$37.82,$75.63,$10.80,$15.13,,,,,,,,,,,
2023-08-06,,,,,,,,,,,,$85,"8,664",3.0,0.03%,$28.17,0.0,1.0,,$84.51,$84.51,$16.90,,,,,,,,,,,
2023-08-05,,,,,,,,,,,,$79,"7,543",11.0,0.15%,$7.14,0.0,0.0,,,,$78.55,,,,,,,,,,,
2023-08-04,,,,,,,,,,,,$78,"7,327",11.0,0.15%,$7.13,2.0,2.0,$39.19,$39.19,$19.60,$19.60,,,,,,,,,,,
2023-08-03,,,,,,,,,,,,$80,"7,574",13.0,0.17%,$6.15,1.0,0.0,$79.90,,$39.95,,,,,,,,,,,,
2023-08-02,,,,,,,,,,,,$78,"7,840",12.0,0.15%,$6.53,1.0,1.0,$78.32,$78.32,$26.11,$26.11,,,,,,,,,,,
2023-08-01,,,,,,,,,,,,$83,"7,295",13.0,0.18%,$6.42,0.0,1.0,,$83.45,,$83.45,,,,,,,,,,,
2023-07-31,,,,,,,,,,,,$72,"6,369",8.0,0.13%,$9.01,1.0,1.0,$72.07,$72.07,$36.04,$12.01,,,,,,,,,,,
2023-07-30,,,,,,,,,,,,$68,"5,480",9.0,0.16%,$7.57,1.0,0.0,$68.09,,$68.09,$68.09,,,,,,,,,,,
2023-07-29,,,,,,,,,,,,$68,"5,611",17.0,0.30%,$4.02,1.0,0.0,$68.36,,$68.36,$34.18,,,,,,,,,,,
2023-07-28,,,,,,,,,,,,$76,"5,863",13.0,0.22%,$5.83,1.0,0.0,$75.84,,$18.96,$75.84,,,,,,,,,,,
2023-07-27,,,,,,,,,,,,$75,"6,111",7.0,0.11%,$10.73,0.0,0.0,,,$75.09,$75.09,,,,,,,,,,,
2023-07-26,,,,,,,,,,,,$65,"5,955",10.0,0.17%,$6.52,0.0,2.0,,$32.58,$65.15,$16.29,,,,,,,,,,,
2023-07-25,,,,,,,,,,,,$73,"5,998",11.0,0.18%,$6.61,1.0,0.0,$72.66,,$18.17,$72.66,,,,,,,,,,,
2023-07-24,,,,,,,,,,,,$72,"5,809",16.0,0.28%,$4.49,1.0,1.0,$71.81,$71.81,$14.36,$17.95,,,,,,,,,,,
2023-07-23,,,,,,,,,,,,$77,"6,712",11.0,0.16%,$7.04,0.0,0.0,,,$38.72,,,,,,,,,,,,
2023-07-22,,,,,,,,,,,,$72,"6,936",14.0,0.20%,$5.17,0.0,0.0,,,$36.20,,,,,,,,,,,,
2023-07-21,,,,,,,,,,,,$49,"4,836",9.0,0.19%,$5.47,0.0,0.0,,,,$49.22,,,,,,,,,,,
2023-07-20,,,,,,,,,,,,$50,"4,420",11.0,0.25%,$4.51,0.0,1.0,,$49.61,$24.81,$24.81,,,,,,,,,,,
2023-07-19,,,,,,,,,,,,$48,"4,310",5.0,0.12%,$9.59,1.0,0.0,$47.97,,$23.99,,,,,,,,,,,,
2023-07-18,,,,,,,,,,,,$73,"6,945",11.0,0.16%,$6.68,3.0,0.0,$24.49,,$10.50,$73.48,,,,,,,,,,,
2023-07-17,,,,,,,,,,,,$72,"6,768",17.0,0.25%,$4.25,2.0,6.0,$36.10,$12.03,$36.10,$6.56,,,,,,,,,,,
2023-07-16,,,,,,,,,,,,$79,"8,398",13.0,0.15%,$6.05,0.0,0.0,,,$19.68,$78.70,,,,,,,,,,,
2023-07-15,,,,,,,,,,,,$75,"7,636",15.0,0.20%,$4.99,0.0,0.0,,,$74.83,,,,,,,,,,,,
2023-07-14,,,,,,,,,,,,$75,"7,591",22.0,0.29%,$3.43,1.0,0.0,$75.46,,$18.87,$75.46,,,,,,,,,,,
2023-07-13,,,,,,,,,,,,$74,"7,212",15.0,0.21%,$4.93,1.0,1.0,$73.89,$73.89,$36.95,$36.95,,,,,,,,,,,
2023-07-12,,,,,,,,,,,,$72,"6,167",7.0,0.11%,$10.33,0.0,0.0,,,,$72.31,,,,,,,,,,,
2023-07-11,,,,,,,,,,,,$75,"5,790",11.0,0.19%,$6.77,1.0,0.0,$74.51,,$18.63,$14.90,,,,,,,,,,,
2023-07-10,,,,,,,,,,,,$55,"5,127",10.0,0.20%,$5.47,1.0,0.0,$54.73,,$27.37,$13.68,,,,,,,,,,,
2023-07-09,,,,,,,,,,,,$51,"4,476",8.0,0.18%,$6.38,0.0,0.0,,,$51.05,$51.05,,,,,,,,,,,
2023-07-08,,,,,,,,,,,,$50,"4,528",15.0,0.33%,$3.35,0.0,1.0,,$50.19,$50.19,$12.55,,,,,,,,,,,
2023-07-07,,,,,,,,,,,,$75,"7,258",19.0,0.26%,$3.94,0.0,1.0,,$74.92,,$37.46,,,,,,,,,,,
2023-07-06,,,,,,,,,,,,$77,"7,192",13.0,0.18%,$5.93,3.0,2.0,$25.70,$38.56,$15.42,$11.02,,,,,,,,,,,
2023-07-05,,,,,,,,,,,,$79,"7,073",19.0,0.27%,$4.14,0.0,0.0,,,,$78.61,,,,,,,,,,,
2023-07-04,,,,,,,,,,,,$80,"7,248",20.0,0.28%,$4.02,2.0,1.0,$40.24,$80.48,$40.24,$40.24,,,,,,,,,,,
2023-07-03,,,,,,,,,,,,$83,"7,934",17.0,0.21%,$4.88,2.0,0.0,$41.48,,$27.65,$82.96,,,,,,,,,,,
2023-07-02,,,,,,,,,,,,$83,"6,885",13.0,0.19%,$6.36,0.0,1.0,,$82.74,$41.37,$82.74,,,,,,,,,,,
2023-07-01,,,,,,,,,,,,$81,"7,110",6.0,0.08%,$13.52,0.0,0.0,,,,$40.57,,,,,,,,,,,
2023-06-30,,,,,,,,,,,,$59,"5,857",10.0,0.17%,$5.91,1.0,2.0,$59.12,$29.56,$29.56,$11.82,,,,,,,,,,,
2023-06-29,,,,,,,,,,,,$62,"5,188",9.0,0.17%,$6.91,0.0,0.0,,,$62.18,$20.73,,,,,,,,,,,
2023-06-28,,,,,,,,,,,,$58,"5,428",12.0,0.22%,$4.82,0.0,1.0,,$57.87,,$11.57,,,,,,,,,,,
2023-06-27,,,,,,,,,,,,$62,"5,945",10.0,0.17%,$6.21,0.0,0.0,,,$31.05,$31.05,,,,,,,,,,,
2023-06-26,,,,,,,,,,,,$57,"5,618",13.0,0.23%,$4.36,0.0,4.0,,$14.18,,$6.30,,,,,,,,,,,
2023-06-25,,,,,,,,,,,,$53,"4,907",4.0,0.08%,$13.34,1.0,0.0,$53.35,,$26.68,,,,,,,,,,,,
2023-06-24,,,,,,,,,,,,$51,"3,543",10.0,0.28%,$5.10,0.0,6.0,,$8.49,,$3.64,,,,,,,,,,,
2023-06-23,,,,,,,,,,,,$53,"4,384",13.0,0.30%,$4.05,2.0,11.0,$26.34,$4.79,$26.34,$3.51,,,,,,,,,,,
2023-06-22,,,,,,,,,,,,$34,"2,839",7.0,0.25%,$4.86,2.0,0.0,$17.02,,$11.34,$17.02,,,,,,,,,,,
2023-06-21,,,,,,,,,,,,$65,"7,062",16.0,0.23%,$4.09,1.0,3.0,$65.43,$21.81,$13.09,$21.81,,,,,,,,,,,
2023-06-20,,,,,,,,,,,,$65,"6,493",15.0,0.23%,$4.33,0.0,0.0,,,$16.24,,,,,,,,,,,,
2023-06-19,,,,,,,,,,,,$62,"6,483",10.0,0.15%,$6.18,1.0,1.0,$61.83,$61.83,$61.83,$15.46,,,,,,,,,,,
2023-06-18,,,,,,,,,,,,$67,"6,167",16.0,0.26%,$4.16,1.0,1.0,$66.60,$66.60,$22.20,$66.60,,,,,,,,,,,
2023-06-17,,,,,,,,,,,,$76,"7,748",25.0,0.32%,$3.03,2.0,1.0,$37.84,$75.68,$25.23,$75.68,,,,,,,,,,,
2023-06-16,,,,,,,,,,,,$45,"3,766",7.0,0.19%,$6.49,1.0,2.0,$45.43,$22.72,$15.14,$11.36,,,,,,,,,,,
2023-06-15,,,,,,,,,,,,$54,"4,942",13.0,0.26%,$4.18,2.0,3.0,$27.19,$18.13,$13.60,$6.04,,,,,,,,,,,
2023-06-14,,,,,,,,,,,,$59,"4,424",6.0,0.14%,$9.86,0.0,0.0,,,,$29.58,,,,,,,,,,,
2023-06-13,,,,,,,,,,,,$55,"4,971",11.0,0.22%,$5.04,0.0,1.0,,$55.41,$55.41,$18.47,,,,,,,,,,,
2023-06-12,,,,,,,,,,,,$58,"5,134",8.0,0.16%,$7.28,1.0,0.0,$58.26,,$29.13,$58.26,,,,,,,,,,,
2023-06-11,,,,,,,,,,,,$60,"5,218",9.0,0.17%,$6.66,2.0,0.0,$29.97,,$19.98,$19.98,,,,,,,,,,,
2023-06-10,,,,,,,,,,,,$55,"4,611",13.0,0.28%,$4.25,0.0,0.0,,,$13.81,$55.22,,,,,,,,,,,
2023-06-09,,,,,,,,,,,,$53,"4,686",10.0,0.21%,$5.35,2.0,0.0,$26.75,,$10.70,,,,,,,,,,,,
2023-06-08,,,,,,,,,,,,$34,"3,077",12.0,0.39%,$2.82,4.0,0.0,$8.45,,$5.63,$33.80,,,,,,,,,,,
2023-06-07,,,,,,,,,,,,$34,"3,088",5.0,0.16%,$6.76,0.0,0.0,,,,,,,,,,,,,,,
2023-06-06,,,,,,,,,,,,$60,"5,205",6.0,0.12%,$10.03,0.0,0.0,,,$30.08,$30.08,,,,,,,,,,,
2023-06-05,,,,,,,,,,,,$49,"4,905",11.0,0.22%,$4.46,1.0,0.0,$49.03,,$49.03,$49.03,,,,,,,,,,,
2023-06-04,,,,,,,,,,,,$53,"4,745",11.0,0.23%,$4.82,2.0,0.0,$26.52,,$26.52,,,,,,,,,,,,
2023-06-03,,,,,,,,,,,,$54,"5,080",10.0,0.20%,$5.35,0.0,0.0,,,$53.52,,,,,,,,,,,,
2023-06-02,,,,,,,,,,,,$47,"4,360",5.0,0.11%,$9.38,2.0,0.0,$23.45,,$23.45,$46.89,,,,,,,,,,,
2023-06-01,,,,,,,,,,,,$47,"4,061",6.0,0.15%,$7.91,0.0,0.0,,,$11.87,$23.74,,,,,,,,,,,
2023-05-31,,,,,,,,,,,,$46,"4,077",6.0,0.15%,$7.68,2.0,1.0,$23.05,$46.10,$9.22,$46.10,,,,,,,,,,,
2023-05-30,,,,,,,,,,,,$53,"4,532",12.0,0.26%,$4.41,0.0,0.0,,,$26.45,$17.63,,,,,,,,,,,
2023-05-29,,,,,,,,,,,,$61,"5,014",11.0,0.22%,$5.58,1.0,0.0,$61.35,,$12.27,$30.68,,,,,,,,,,,
2023-05-28,,,,,,,,,,,,$54,"4,548",14.0,0.31%,$3.84,0.0,1.0,,$53.77,$53.77,$17.92,,,,,,,,,,,
2023-05-27,,,,,,,,,,,,$56,"3,965",5.0,0.13%,$11.26,0.0,1.0,,$56.28,$56.28,$14.07,,,,,,,,,,,
2023-05-26,,,,,,,,,,,,$60,"5,007",8.0,0.16%,$7.54,1.0,0.0,$60.28,,$30.14,,,,,,,,,,,,
2023-05-25,,,,,,,,,,,,$57,"3,581",2.0,0.06%,$28.73,0.0,0.0,,,$57.45,,,,,,,,,,,,
2023-05-24,,,,,,,,,,,,$49,"3,753",6.0,0.16%,$8.18,0.0,0.0,,,$24.54,$49.08,,,,,,,,,,,
2023-05-23,,,,,,,,,,,,$59,"4,438",6.0,0.14%,$9.90,2.0,0.0,$29.69,,$29.69,$29.69,,,,,,,,,,,
2023-05-22,,,,,,,,,,,,$55,"5,101",9.0,0.18%,$6.11,0.0,0.0,,,$18.32,$54.97,,,,,,,,,,,
2023-05-21,,,,,,,,,,,,$42,"3,088",9.0,0.29%,$4.68,2.0,1.0,$21.04,$42.08,$14.03,$42.08,,,,,,,,,,,
2023-05-20,,,,,,,,,,,,$42,"2,919",7.0,0.24%,$5.98,1.0,0.0,$41.87,,$8.37,,,,,,,,,,,,
2023-05-19,,,,,,,,,,,,$38,"3,180",7.0,0.22%,$5.40,0.0,0.0,,,,,,,,,,,,,,,
2023-05-18,,,,,,,,,,,,$64,"5,891",13.0,0.22%,$4.92,0.0,0.0,,,$32.00,$63.99,,,,,,,,,,,
2023-05-17,,,,,,,,,,,,$68,"5,877",16.0,0.27%,$4.22,0.0,1.0,,$67.53,$16.88,$16.88,,,,,,,,,,,
2023-05-16,,,,,,,,,,,,$70,"5,477",16.0,0.29%,$4.35,0.0,2.0,,$34.80,$23.20,$17.40,,,,,,,,,,,
2023-05-15,,,,,,,,,,,,$61,"5,854",8.0,0.14%,$7.65,1.0,0.0,$61.18,,$30.59,,,,,,,,,,,,
2023-05-14,,,,,,,,,,,,$70,"6,747",9.0,0.13%,$7.75,0.0,0.0,,,,,,,,,,,,,,,
2023-05-13,,,,,,,,,,,,$66,"6,167",8.0,0.13%,$8.21,0.0,0.0,,,$65.67,$32.84,,,,,,,,,,,
2023-05-12,,,,,,,,,,,,$57,"5,323",18.0,0.34%,$3.15,0.0,1.0,,$56.61,$56.61,$28.31,,,,,,,,,,,
2023-05-11,,,,,,,,,,,,$35,"3,423",8.0,0.23%,$4.31,1.0,0.0,$34.50,,$17.25,$34.50,,,,,,,,,,,
2023-05-10,,,,,,,,,,,,$41,"3,941",16.0,0.41%,$2.54,0.0,0.0,,,$20.33,$40.66,,,,,,,,,,,
2023-05-09,,,,,,,,,,,,$42,"3,812",6.0,0.16%,$7.05,1.0,1.0,$42.31,$42.31,$42.31,$14.10,,,,,,,,,,,
2023-05-08,,,,,,,,,,,,$41,"3,351",6.0,0.18%,$6.84,1.0,1.0,$41.05,$41.05,$13.68,$13.68,,,,,,,,,,,
2023-05-07,,,,,,,,,,,,$43,"3,801",3.0,0.08%,$14.19,0.0,0.0,,,$42.57,,,,,,,,,,,,
2023-05-06,,,,,,,,,,,,$52,"4,583",7.0,0.15%,$7.38,0.0,0.0,,,,$25.83,,,,,,,,,,,
2023-05-05,,,,,,,,,,,,$48,"4,550",14.0,0.31%,$3.42,0.0,0.0,,,$47.93,$23.97,,,,,,,,,,,
2023-05-04,,,,,,,,,,,,$44,"4,085",11.0,0.27%,$4.03,1.0,0.0,$44.36,,$44.36,$44.36,,,,,,,,,,,
2023-05-03,,,,,,,,,,,,$39,"3,153",9.0,0.29%,$4.33,0.0,1.0,,$38.94,,$7.79,,,,,,,,,,,
2023-05-02,,,,,,,,,,,,$34,"3,039",9.0,0.30%,$3.82,3.0,0.0,$11.46,,$5.73,$34.39,,,,,,,,,,,
2023-05-01,,,,,,,,,,,,$29,"2,543",9.0,0.35%,$3.24,0.0,0.0,,,,$14.60,,,,,,,,,,,
2024-08-31,,,,,,,,,,,,,,,,,,,,,,,$62,"6,547",14.0,0.21%,$4.45,0.0,2.0,,$31.14,$15.57,$20.76
2024-08-30,,,,,,,,,,,,,,,,,,,,,,,$64,"6,644",3.0,0.05%,$21.43,0.0,3.0,,$21.43,,$21.43
2024-08-29,,,,,,,,,,,,,,,,,,,,,,,$62,"6,609",7.0,0.11%,$8.88,2.0,1.0,$31.09,$62.18,$15.55,
2024-08-28,,,,,,,,,,,,,,,,,,,,,,,$63,"6,997",10.0,0.14%,$6.25,0.0,2.0,,$31.27,,$20.84
2024-08-27,,,,,,,,,,,,,,,,,,,,,,,$34,"3,990",7.0,0.18%,$4.85,2.0,1.0,$16.97,$33.94,$11.31,$33.94
2024-08-26,,,,,,,,,,,,,,,,,,,,,,,$65,"7,713",11.0,0.14%,$5.94,0.0,1.0,,$65.32,$13.06,$21.77
2024-08-25,,,,,,,,,,,,,,,,,,,,,,,$66,"7,509",15.0,0.20%,$4.42,0.0,0.0,,,,
2024-08-24,,,,,,,,,,,,,,,,,,,,,,,$64,"7,385",12.0,0.16%,$5.31,0.0,3.0,,$21.23,$63.69,$12.74
2024-08-23,,,,,,,,,,,,,,,,,,,,,,,$61,"6,468",14.0,0.22%,$4.34,1.0,2.0,$60.78,$30.39,$20.26,$30.39
2024-08-22,,,,,,,,,,,,,,,,,,,,,,,$30,"3,092",1.0,0.03%,$30.46,0.0,2.0,,$15.23,$10.15,$10.15
2024-08-21,,,,,,,,,,,,,,,,,,,,,,,$32,"2,966",4.0,0.13%,$8.03,0.0,2.0,,$16.06,$32.12,$8.03
2024-08-20,,,,,,,,,,,,,,,,,,,,,,,$54,"6,012",4.0,0.07%,$13.61,0.0,2.0,,$27.23,,$13.61
2024-08-19,,,,,,,,,,,,,,,,,,,,,,,$65,"6,636",13.0,0.20%,$5.00,0.0,2.0,,$32.49,$64.98,$32.49
2024-08-18,,,,,,,,,,,,,,,,,,,,,,,$59,"6,154",9.0,0.15%,$6.59,0.0,1.0,,$59.32,$19.77,$29.66
2024-08-17,,,,,,,,,,,,,,,,,,,,,,,$58,"6,303",12.0,0.19%,$4.87,0.0,1.0,,$58.39,,$19.46
2024-08-16,,,,,,,,,,,,,,,,,,,,,,,$56,"5,675",23.0,0.41%,$2.42,0.0,1.0,,$55.55,,$18.52
2024-08-15,,,,,,,,,,,,,,,,,,,,,,,$31,"2,781",5.0,0.18%,$6.11,1.0,2.0,$30.53,$15.27,$7.63,$6.11
2024-08-14,,,,,,,,,,,,,,,,,,,,,,,$33,"3,089",6.0,0.19%,$5.44,0.0,1.0,,$32.63,$16.32,$10.88
2024-08-13,,,,,,,,,,,,,,,,,,,,,,,$56,"5,168",9.0,0.17%,$6.25,0.0,5.0,,$11.25,$11.25,$7.03
2024-08-12,,,,,,,,,,,,,,,,,,,,,,,$60,"5,632",9.0,0.16%,$6.71,0.0,3.0,,$20.14,$60.42,$15.11
2024-08-11,,,,,,,,,,,,,,,,,,,,,,,$61,"5,625",18.0,0.32%,$3.39,0.0,1.0,,$61.04,$20.35,$61.04
2024-08-10,,,,,,,,,,,,,,,,,,,,,,,$65,"5,726",13.0,0.23%,$4.99,1.0,0.0,$64.85,,$16.21,$64.85
2024-08-09,,,,,,,,,,,,,,,,,,,,,,,$66,"5,982",13.0,0.22%,$5.09,2.0,1.0,$33.07,$66.13,$11.02,$33.07
2024-08-08,,,,,,,,,,,,,,,,,,,,,,,$42,"4,138",10.0,0.24%,$4.22,0.0,1.0,,$42.19,,$21.10
2024-08-07,,,,,,,,,,,,,,,,,,,,,,,$43,"4,339",7.0,0.16%,$6.13,1.0,4.0,$42.88,$10.72,$14.29,$7.15
2024-08-06,,,,,,,,,,,,,,,,,,,,,,,$45,"4,400",9.0,0.20%,$4.98,0.0,2.0,,$22.41,$22.41,$14.94
2024-08-05,,,,,,,,,,,,,,,,,,,,,,,$67,"7,114",13.0,0.18%,$5.14,0.0,2.0,,$33.38,$33.38,$22.25
2024-08-04,,,,,,,,,,,,,,,,,,,,,,,$73,"7,134",17.0,0.24%,$4.28,0.0,1.0,,$72.69,$36.35,$24.23
2024-08-03,,,,,,,,,,,,,,,,,,,,,,,$70,"6,227",11.0,0.18%,$6.38,0.0,1.0,,$70.15,$35.08,$70.15
2024-08-02,,,,,,,,,,,,,,,,,,,,,,,$65,"6,313",17.0,0.27%,$3.80,0.0,1.0,,$64.52,$21.51,$32.26
2024-08-01,,,,,,,,,,,,,,,,,,,,,,,$67,"6,792",14.0,0.21%,$4.80,0.0,1.0,,$67.22,,$67.22
2024-07-31,,,,,,,,,,,,,,,,,,,,,,,$60,"4,593",15.0,0.33%,$4.03,2.0,5.0,$30.24,$12.10,$15.12,$6.72
2024-07-30,,,,,,,,,,,,,,,,,,,,,,,$67,"4,929",16.0,0.32%,$4.17,4.0,1.0,$16.69,$66.76,$9.54,$22.25
2024-07-29,,,,,,,,,,,,,,,,,,,,,,,$64,"5,414",21.0,0.39%,$3.04,3.0,3.0,$21.25,$21.25,$10.63,$21.25
2024-07-28,,,,,,,,,,,,,,,,,,,,,,,$69,"5,485",18.0,0.33%,$3.84,3.0,3.0,$23.05,$23.05,$23.05,$13.83
2024-07-27,,,,,,,,,,,,,,,,,,,,,,,$63,"5,376",16.0,0.30%,$3.91,0.0,0.0,,,$20.86,$62.58
2024-07-26,,,,,,,,,,,,,,,,,,,,,,,$58,"4,767",9.0,0.19%,$6.42,1.0,1.0,$57.78,$57.78,$57.78,$19.26
2024-07-25,,,,,,,,,,,,,,,,,,,,,,,$33,"2,440",13.0,0.53%,$2.56,2.0,2.0,$16.65,$16.65,$11.10,$33.29
2024-07-24,,,,,,,,,,,,,,,,,,,,,,,$34,"2,610",13.0,0.50%,$2.65,2.0,3.0,$17.22,$11.48,$8.61,$8.61
2024-07-23,,,,,,,,,,,,,,,,,,,,,,,$35,"2,509",14.0,0.56%,$2.52,1.0,1.0,$35.32,$35.32,$17.66,$35.32
2024-07-22,,,,,,,,,,,,,,,,,,,,,,,$59,"4,784",10.0,0.21%,$5.94,3.0,0.0,$19.79,,$8.48,$59.37
2024-07-21,,,,,,,,,,,,,,,,,,,,,,,$58,"4,825",16.0,0.33%,$3.64,5.0,1.0,$11.63,$58.17,$11.63,$9.70
2024-07-20,,,,,,,,,,,,,,,,,,,,,,,$56,"4,557",11.0,0.24%,$5.08,1.0,0.0,$55.86,,$55.86,$55.86
2024-07-19,,,,,,,,,,,,,,,,,,,,,,,$55,"4,522",14.0,0.31%,$3.95,3.0,1.0,$18.43,$55.29,$6.14,$13.82
2024-07-18,,,,,,,,,,,,,,,,,,,,,,,$61,"5,704",12.0,0.21%,$5.11,1.0,1.0,$61.29,$61.29,$30.65,$30.65
2024-07-17,,,,,,,,,,,,,,,,,,,,,,,$63,"5,508",23.0,0.42%,$2.74,0.0,3.0,,$20.97,$31.46,$12.58
2024-07-16,,,,,,,,,,,,,,,,,,,,,,,$65,"5,944",23.0,0.39%,$2.83,6.0,1.0,$10.84,$65.06,$4.34,$65.06
2024-07-15,,,,,,,,,,,,,,,,,,,,,,,$57,"5,583",14.0,0.25%,$4.05,6.0,0.0,$9.45,,$3.34,$56.71
2024-07-14,,,,,,,,,,,,,,,,,,,,,,,$60,"6,071",10.0,0.16%,$5.99,5.0,5.0,$11.99,$11.99,$4.61,$8.56
2024-07-13,,,,,,,,,,,,,,,,,,,,,,,$54,"5,575",20.0,0.36%,$2.72,2.0,0.0,$27.16,,$6.79,
2024-07-12,,,,,,,,,,,,,,,,,,,,,,,$56,"5,528",19.0,0.34%,$2.94,2.0,2.0,$27.97,$27.97,$27.97,$27.97
2024-07-11,,,,,,,,,,,,,,,,,,,,,,,$32,"3,016",3.0,0.10%,$10.75,0.0,1.0,,$32.26,,$32.26
2024-07-10,,,,,,,,,,,,,,,,,,,,,,,$36,"3,180",12.0,0.38%,$2.99,2.0,0.0,$17.92,,$11.95,
2024-07-09,,,,,,,,,,,,,,,,,,,,,,,$35,"3,124",11.0,0.35%,$3.22,4.0,1.0,$8.84,$35.37,$2.72,$17.69
2024-07-08,,,,,,,,,,,,,,,,,,,,,,,$60,"6,256",15.0,0.24%,$3.98,5.0,3.0,$11.94,$19.90,$3.51,$11.94
2024-07-07,,,,,,,,,,,,,,,,,,,,,,,$65,"6,807",21.0,0.31%,$3.11,4.0,2.0,$16.33,$32.67,$6.53,$21.78
2024-07-06,,,,,,,,,,,,,,,,,,,,,,,$62,"6,321",15.0,0.24%,$4.13,2.0,0.0,$30.97,,$7.74,$20.64
2024-07-05,,,,,,,,,,,,,,,,,,,,,,,$62,"6,199",18.0,0.29%,$3.47,5.0,0.0,$12.49,,$6.94,
2024-07-04,,,,,,,,,,,,,,,,,,,,,,,$64,"5,660",18.0,0.32%,$3.53,7.0,0.0,$9.09,,$4.89,
2024-07-03,,,,,,,,,,,,,,,,,,,,,,,$68,"6,587",19.0,0.29%,$3.56,10.0,0.0,$6.76,,$4.50,
2024-07-02,,,,,,,,,,,,,,,,,,,,,,,$61,"6,254",25.0,0.40%,$2.44,1.0,2.0,$60.94,$30.47,$30.47,$15.24
2024-07-01,,,,,,,,,,,,,,,,,,,,,,,$67,"7,226",18.0,0.25%,$3.70,2.0,1.0,$33.30,$66.60,$9.51,$66.60
2024-06-30,,,,,,,,,,,,,,,,,,,,,,,$61,"6,457",10.0,0.15%,$6.11,0.0,2.0,,$30.57,$15.28,$15.28
2024-06-29,,,,,,,,,,,,,,,,,,,,,,,$56,"5,642",11.0,0.19%,$5.05,0.0,2.0,,$27.77,$27.77,$18.51
2024-06-28,,,,,,,,,,,,,,,,,,,,,,,$62,"6,370",11.0,0.17%,$5.66,3.0,1.0,$20.74,$62.21,$20.74,
2024-06-27,,,,,,,,,,,,,,,,,,,,,,,$62,"6,830",13.0,0.19%,$4.80,0.0,1.0,,$62.35,$31.18,$31.18
2024-06-26,,,,,,,,,,,,,,,,,,,,,,,$60,"7,654",15.0,0.20%,$3.99,0.0,2.0,,$29.91,,$29.91
2024-06-25,,,,,,,,,,,,,,,,,,,,,,,$60,"6,641",11.0,0.17%,$5.44,0.0,1.0,,$59.87,$59.87,$59.87
2024-06-24,,,,,,,,,,,,,,,,,,,,,,,$62,"6,826",16.0,0.23%,$3.90,0.0,3.0,,$20.82,,$15.62
2024-06-23,,,,,,,,,,,,,,,,,,,,,,,$41,"4,146",5.0,0.12%,$8.13,0.0,1.0,,$40.63,$40.63,$40.63
2024-06-22,,,,,,,,,,,,,,,,,,,,,,,$36,"3,879",9.0,0.23%,$4.03,2.0,2.0,$18.13,$18.13,$18.13,$12.09
2024-06-21,,,,,,,,,,,,,,,,,,,,,,,$36,"3,952",7.0,0.18%,$5.10,0.0,1.0,,$35.67,$5.10,$35.67
2024-06-20,,,,,,,,,,,,,,,,,,,,,,,$38,"3,939",6.0,0.15%,$6.26,0.0,3.0,,$12.52,$18.78,$7.51
2024-06-19,,,,,,,,,,,,,,,,,,,,,,,$50,"4,951",8.0,0.16%,$6.22,1.0,1.0,$49.79,$49.79,$9.96,$24.90
2024-06-18,,,,,,,,,,,,,,,,,,,,,,,$51,"5,732",12.0,0.21%,$4.27,0.0,0.0,,,$10.26,$51.29
2024-06-17,,,,,,,,,,,,,,,,,,,,,,,$54,"6,266",15.0,0.24%,$3.59,1.0,1.0,$53.89,$53.89,$17.96,$13.47
2024-06-16,,,,,,,,,,,,,,,,,,,,,,,$98,"11,025",23.0,0.21%,$4.26,0.0,2.0,,$48.96,$19.58,$13.99
2024-06-15,,,,,,,,,,,,,,,,,,,,,,,$52,"6,039",11.0,0.18%,$4.77,1.0,0.0,$52.43,,$10.49,$52.43
2024-06-14,,,,,,,,,,,,,,,,,,,,,,,$53,"6,274",6.0,0.10%,$8.85,0.0,3.0,,$17.69,$53.08,$10.62
2024-06-13,,,,,,,,,,,,,,,,,,,,,,,$38,"4,534",14.0,0.31%,$2.71,0.0,0.0,,,,
2024-06-12,,,,,,,,,,,,,,,,,,,,,,,$38,"4,117",9.0,0.22%,$4.17,0.0,1.0,,$37.56,$12.52,$12.52
2024-06-11,,,,,,,,,,,,,,,,,,,,,,,$54,"5,684",11.0,0.19%,$4.89,0.0,1.0,,$53.74,,$13.44
2024-06-10,,,,,,,,,,,,,,,,,,,,,,,$57,"6,325",10.0,0.16%,$5.74,1.0,4.0,$57.36,$14.34,$11.47,$11.47
2024-06-09,,,,,,,,,,,,,,,,,,,,,,,$57,"6,403",17.0,0.27%,$3.34,0.0,1.0,,$56.78,,$56.78
2024-06-08,,,,,,,,,,,,,,,,,,,,,,,$56,"6,348",16.0,0.25%,$3.48,0.0,3.0,,$18.55,$27.82,$13.91
2024-06-07,,,,,,,,,,,,,,,,,,,,,,,$54,"5,971",23.0,0.39%,$2.36,0.0,2.0,,$27.09,,$27.09
2024-06-06,,,,,,,,,,,,,,,,,,,,,,,$37,"4,393",8.0,0.18%,$4.67,1.0,2.0,$37.39,$18.70,$9.35,$9.35
2024-06-05,,,,,,,,,,,,,,,,,,,,,,,$40,"4,118",9.0,0.22%,$4.42,0.0,0.0,,,$39.80,$39.80
2024-06-04,,,,,,,,,,,,,,,,,,,,,,,$68,"7,373",19.0,0.26%,$3.59,0.0,1.0,,$68.24,$17.06,$34.12
2024-06-03,,,,,,,,,,,,,,,,,,,,,,,$120,"12,731",21.0,0.16%,$5.70,0.0,1.0,,$119.77,$19.96,$59.89
2024-06-02,,,,,,,,,,,,,,,,,,,,,,,$118,"12,536",32.0,0.26%,$3.69,0.0,2.0,,$59.10,$39.40,$29.55
2024-06-01,,,,,,,,,,,,,,,,,,,,,,,$72,"7,929",11.0,0.14%,$6.51,0.0,2.0,,$35.80,,$35.80
2024-05-31,,,,,,,,,,,,,,,,,,,,,,,$50,"5,124",6.0,0.12%,$8.35,0.0,0.0,,,$12.53,
2024-05-30,,,,,,,,,,,,,,,,,,,,,,,$59,"6,369",9.0,0.14%,$6.53,1.0,2.0,$58.81,$29.41,$14.70,$19.60
2024-05-29,,,,,,,,,,,,,,,,,,,,,,,$57,"6,611",7.0,0.11%,$8.17,0.0,1.0,,$57.20,$9.53,$57.20
2024-05-28,,,,,,,,,,,,,,,,,,,,,,,$57,"6,247",19.0,0.30%,$2.99,1.0,2.0,$56.81,$28.41,$56.81,$11.36
2024-05-27,,,,,,,,,,,,,,,,,,,,,,,$106,"11,180",31.0,0.28%,$3.41,0.0,0.0,,,$35.19,$105.56
2024-05-26,,,,,,,,,,,,,,,,,,,,,,,$61,"5,673",17.0,0.30%,$3.59,0.0,1.0,,$61.05,$12.21,$30.53
2024-05-25,,,,,,,,,,,,,,,,,,,,,,,$58,"5,552",12.0,0.22%,$4.86,0.0,2.0,,$29.16,$29.16,$14.58
2024-05-24,,,,,,,,,,,,,,,,,,,,,,,$60,"6,136",20.0,0.33%,$3.01,1.0,0.0,$60.29,,$15.07,
2024-05-23,,,,,,,,,,,,,,,,,,,,,,,$38,"4,193",9.0,0.21%,$4.22,0.0,1.0,,$37.98,$18.99,$9.50
2024-05-22,,,,,,,,,,,,,,,,,,,,,,,$39,"3,957",9.0,0.23%,$4.29,0.0,2.0,,$19.32,,$9.66
2024-05-21,,,,,,,,,,,,,,,,,,,,,,,$57,"5,568",13.0,0.23%,$4.41,0.0,2.0,,$28.64,$11.46,$19.09
2024-05-20,,,,,,,,,,,,,,,,,,,,,,,$59,"5,933",11.0,0.19%,$5.39,0.0,1.0,,$59.31,$59.31,$59.31
2024-05-19,,,,,,,,,,,,,,,,,,,,,,,$60,"6,000",11.0,0.18%,$5.44,0.0,1.0,,$59.82,$29.91,$59.82
2024-05-18,,,,,,,,,,,,,,,,,,,,,,,$59,"6,370",13.0,0.20%,$4.56,0.0,0.0,,,$19.74,
2024-05-17,,,,,,,,,,,,,,,,,,,,,,,$59,"6,364",17.0,0.27%,$3.48,1.0,0.0,$59.14,,$59.14,
2024-05-16,,,,,,,,,,,,,,,,,,,,,,,$39,"4,228",7.0,0.17%,$5.64,0.0,0.0,,,$39.49,
2024-05-15,,,,,,,,,,,,,,,,,,,,,,,$39,"4,346",12.0,0.28%,$3.25,0.0,1.0,,$38.97,,$19.49
2024-05-14,,,,,,,,,,,,,,,,,,,,,,,$55,"6,272",16.0,0.26%,$3.44,1.0,2.0,$55.08,$27.54,$27.54,$27.54
2024-05-13,,,,,,,,,,,,,,,,,,,,,,,$60,"6,910",6.0,0.09%,$9.97,0.0,3.0,,$19.94,$8.55,$14.96
2024-05-12,,,,,,,,,,,,,,,,,,,,,,,$61,"6,582",14.0,0.21%,$4.38,0.0,2.0,,$30.65,,$20.43
2024-05-11,,,,,,,,,,,,,,,,,,,,,,,$57,"6,345",14.0,0.22%,$4.08,2.0,0.0,$28.57,,$19.04,$57.13
2024-05-10,,,,,,,,,,,,,,,,,,,,,,,$55,"6,084",12.0,0.20%,$4.61,0.0,0.0,,,$18.43,$55.29
2024-05-09,,,,,,,,,,,,,,,,,,,,,,,$40,"3,656",6.0,0.16%,$6.69,3.0,1.0,$13.38,$40.15,$5.74,$40.15
2024-05-08,,,,,,,,,,,,,,,,,,,,,,,$42,"4,281",6.0,0.14%,$6.97,0.0,0.0,,,$20.92,$41.83
2024-05-07,,,,,,,,,,,,,,,,,,,,,,,$55,"6,394",13.0,0.20%,$4.20,0.0,2.0,,$27.29,$13.64,$27.29
2024-05-06,,,,,,,,,,,,,,,,,,,,,,,$60,"7,482",17.0,0.23%,$3.55,0.0,1.0,,$60.43,$30.22,$30.22
2024-05-05,,,,,,,,,,,,,,,,,,,,,,,$63,"7,255",15.0,0.21%,$4.21,0.0,0.0,,,,
2024-05-04,,,,,,,,,,,,,,,,,,,,,,,$59,"6,419",12.0,0.19%,$4.89,0.0,2.0,,$29.32,$58.63,$19.54
2024-05-03,,,,,,,,,,,,,,,,,,,,,,,$59,"6,355",16.0,0.25%,$3.66,1.0,2.0,$58.52,$29.26,$11.70,$14.63
2024-05-02,,,,,,,,,,,,,,,,,,,,,,,$57,"6,436",16.0,0.25%,$3.57,1.0,0.0,$57.14,,$28.57,$57.14
2024-05-01,,,,,,,,,,,,,,,,,,,,,,,$59,"7,346",16.0,0.22%,$3.69,0.0,1.0,,$58.96,$19.65,$58.96
